nome,proposta,ano,pdf_url,tema,recorte_tematico,genero_g,definicao_genero,enunciador_i,interlocutor_i,mascara_discursiva_i,situacao_producao_s,construcao_composicional,tipologia_textual,projeto_texto,leitura_textos_coletanea,escolhas_lexicais_sintaticas,recursos_coesivos,norma_culta,estilo,originalidade,pertinencia,observacoes,expectativas_banca
Proposta 1 de 2024,1,2024,https://www.comvest.unicamp.br/wp-content/uploads/2024/06/1o-dia_RED.pdf,Trabalho análogo à escravidão no contexto doméstico e a defesa dos direitos dos trabalhadores domésticos,O trabalho análogo à escravidão no contexto doméstico e a importância da denúncia e da defesa dos direitos dos trabalhadores domésticos,Carta-denúncia,"Carta Denúncia: caracteriza-se por ser um texto de natureza formal e reivindicatória, endereçado a uma autoridade ou órgão competente, com o objetivo de denunciar uma situação irregular, ilegal ou prejudicial à coletividade. Sua estrutura textual geralmente inclui uma introdução que apresenta o problema, um desenvolvimento que detalha os fatos e evidências que comprovam a denúncia, e uma conclusão que solicita providências e soluções por parte do destinatário. A linguagem utilizada é objetiva e precisa, buscando transmitir credibilidade e seriedade à denúncia. A carta denúncia exerce um papel importante na sociedade ao dar voz aos cidadãos e contribuir para a fiscalização e combate a irregularidades, promovendo a justiça e o bem comum.",Estudante que testemunhou exploração de trabalhadora doméstica,Ministério Público do Trabalho,Cidadão(ã) consciente dos direitos trabalhistas e disposto(a) a denunciar situações de exploração,Exploração de trabalhadora doméstica disfarçada de relação familiar,Estrutura formal de carta com elementos descritivos e argumentativos,Predominantemente narrativa e argumentativa,Denunciar a situação de exploração e convencer o Ministério Público do Trabalho a tomar providências,"Utilizar dados, informações e argumentos da coletânea para embasar a denúncia e a defesa dos direitos da trabalhadora","Vocabulário preciso e formal, adequado ao gênero carta-denúncia","Recursos que garantam a coesão e a coerência do texto, articulando a narrativa com a argumentação",Domínio da norma culta da língua portuguesa,"Formal e objetivo, com tom de denúncia e indignação",Capacidade de articular os elementos da coletânea com a situação específica da denúncia,"Adequação ao tema, ao gênero e à situação de produção","O candidato deve estar atento à complexidade da situação, evitando julgamentos precipitados e estereótipos sobre a relação entre patrões e empregados domésticos. É importante analisar criticamente a coletânea, identificando diferentes perspectivas sobre o trabalho doméstico e a exploração trabalhista. O candidato pode explorar a ironia presente no texto 5 para denunciar a naturalização da exploração e a desumanização da trabalhadora doméstica.","A prova de Redação do Vestibular Unicamp 2024 propôs aos candidatos a produção de dois textos de gêneros diferen-
tes que colocam em cena temas sensíveis e atuais: a dignidade do trabalho da empregada doméstica no Brasil e o acolhimento
aos imigrantes refugiados no mundo. As duas propostas de escrita apresentam uma coletânea de textos que deveria ser lida
criticamente pelos candidatos em busca de informações, dados e argumentos a serem selecionados e utilizados com proprieda-
de na elaboração de suas redações.
A primeira proposta coloca o candidato na situação de um vestibulando que vai estudar na casa de um colega em um
final de semana e lá se depara com a presença de uma empregada doméstica que mora com aquela família como se dela fizes-
se parte. Tal condição de trabalho instiga a desconfiança do enunciador e o leva a escrever uma carta-denúncia ao Ministério
Público do Trabalho para descrever o crime que testemunhou na casa de seu colega e defender os direitos daquela funcionária.
A proposta não define se se trata de um crime trabalhista ou se se trata de um crime de desrespeito aos direitos humanos. É
a partir da leitura dos textos da coletânea – e em consonância com seu projeto de texto – que o enunciador deve decidir qual
crime pretende descrever como denúncia em seu texto descritivo e argumentativo, escrito em uma linguagem formal por um
interlocutor que deseja justiça.
O texto 1 fornece o número de pessoas que foram resgatadas de condições de trabalho análogas à escravidão no
primeiro semestre de 2023: 1.443 resgates em 174 ações – o maior resultado dos últimos 12 anos, em razão do aumento das
denúncias e da fiscalização no atual governo. O texto 2 apresenta o depoimento de uma empregada doméstica, resgatada em
2021, após 50 anos de trabalho em uma casa de condomínio no Rio de Janeiro. Sem salário, sem carteira assinada, sem férias e
sem um quarto para dormir, ela “passava o tempo todo fazendo o serviço de casa e não podia parar para sentar porque a patroa
reclamava”. A vítima confessa ainda que era agredida fisicamente pela patroa. Assim, enquanto o texto 1 faz referência à liber-
tação de trabalhadores rurais nas vinícolas do Rio Grande do Sul, o texto 2 se refere à libertação de uma empregada doméstica
na capital do Rio de Janeiro. Como se vê, a escravidão contemporânea no Brasil é um crime praticado tanto contra trabalhadores
rurais quanto contra trabalhadores urbanos, tanto contra homens quanto contra mulheres; a grande maioria, pessoas pretas ou
pardas, como personifica Tia Nastácia, no texto 3.
Tia Nastácia, a querida cozinheira do Sítio do Picapau Amarelo, obra de Monteiro Lobato, é um exemplo clássico da
empregada doméstica preta que se tornou uma agregada da família de classe média branca. No texto 3, tia Nastácia aparece
na cozinha, seu local de trabalho, abraçada por duas crianças brancas e uma boneca: Pedrinho, Narizinho e Emília. Nastácia
mora no sítio da D. Benta e também é considerada “parte da família”, uma espécie de “tia” que gosta de contar histórias para
as crianças e cozinhar quitutes irresistíveis, como seus famosos bolinhos. Tal presença do(a) agregado(a) nas casas das famílias
brasileiras é herança da escravidão, que se transfere de geração em geração “dentro dos homens”, formando uma “ralé de
novos escravos”, conforme nos adverte Jessé de Souza, no texto 4. Segundo o sociólogo, mesmo que a escravidão não exista
formalmente, ela permanece nas dinâmicas familiares da classe média que transfere as “tarefas domésticas, sujas e pesadas” da
casa e os “cuidados com os filhos” para as empregadas mal remuneradas, que continuam exercendo o seu papel secularmente
servil, tal como Tia Nastácia do texto 3.
O texto 5 revela a mentalidade dessa classe média que finge ser amiga da sua empregada doméstica para manter a paz
no lar. Nele, a empregada é comparada a um “bicho bravo” e por isso deve ser “amaciada”, “domesticada”, paparicada com
presentes como um “rádio”, por exemplo, para que assim se sinta como “parte da família”: eis o cinismo no uso do pronome
“nós”. O texto 5 foi extraído de um “guia prático da mulher independente” dos anos 70, no qual se ensinavam “truques”
para “transformar sua empregada doméstica em auxiliar responsável e amiga da dona de casa”. Interesses escusos como esse
escondiam a verdadeira intenção do(a) empregador(a): manter a empregada doméstica alienada, mas feliz, enquanto seus em-
pregadores ganhavam tempo para investir em um aprendizado qualificador, conforme conclui Jessé de Souza no texto 4.
O texto 6, por sua vez, apresenta dados divulgados pelo IBGE que mostram retrocessos nas garantias conquistadas pe-
los trabalhadores domésticos, dez anos após a aprovação da PEC das Domésticas. A presidenta do Sindicato dos Trabalhadores
Domésticos do Rio de Janeiro, Maria Izabel Monteiro, destaca que o “trabalho doméstico não é favor, é uma profissão”; logo,
se a elite brasileira quer ter empregados em suas casas, deve cumprir todos os direitos trabalhistas, começando por assinar as
carteiras de trabalho das empregadas domésticas.
Para atender ao primeiro comando da prova, qual seja, a-) descrever uma situação testemunhada na casa de seu colega
que pode ser considerada crime, o candidato poderia se valer dos textos 2, 3 e 6 da coletânea. Se o seu projeto de texto optasse
por descrever um
crime trabalhista, poderia se apropriar do depoimento de Vera (nome fictício, texto 2) ou mesmo do exemplo
de Tia Nastácia (texto 3) para denunciar os direitos sonegados às empregadas domésticas, mesmo após a aprovação da PEC das
Domésticas em 2013 (texto 6).
Se o seu projeto de texto optasse por descrever um
crime contra os direitos humanos, o depoimento da empregada
doméstica resgatada em 2021 (texto 2) poderia ser novamente mobilizado, já que há ali o relato da violência física e psíquica
praticada pela patroa contra Vera (nome fictício), além de outras denúncias que atestam o desrespeito a sua dignidade en-
quanto pessoa. Para atender ao segundo comando da prova, isto é, b-) argumentar no sentido de defender os direitos daquela
empregada doméstica, o candidato poderia acessar diretamente o texto 6 e advogar pelo respeito à profissão do trabalho do-
méstico, o que implica cumprimento de todos os direitos trabalhistas (carteira assinada, férias, 13° salário, seguro desemprego,
pagamento de hora extra etc.).
A banca elaboradora esperava que os candidatos fizessem uma
leitura crítica desta proposta; desse modo, foram bem
avaliados os textos que, ao defenderem os direitos “daquela” empregada doméstica – e, por extensão, “de todas” as empregadas domésticas do Brasil –, apresentassem também argumentos que demonstrassem conhecimento histórico e reflexão socioló-
gica, tal como sugerem os textos 3, 4 e 5 da coletânea. Era fundamental que o enunciador da carta-denúncia compreendesse
a escravidão contemporânea no Brasil (texto 1) como uma herança colonialista e patriarcal (textos 3, 4 e 5) sustentada por
integrantes das classes média e alta que fazem questão de manter as estruturas da “casa grande & senzala” para gozar de seus
privilégios (textos 4 e 5). Os casos de trabalhos análogos à escravidão não aumentaram no século XXI; na verdade, eles sempre
existiram, desde os primeiros anos pós-Abolição. O fato é que, atualmente, eles têm sido denunciados (texto 1), tal como fez a
vizinha de Vera (texto 2), tal como está fazendo o enunciador nesta carta-denúncia."
Proposta 2 de 2024,2,2024,https://www.comvest.unicamp.br/wp-content/uploads/2024/06/1o-dia_RED.pdf,Acolhimento a refugiados e a defesa dos direitos humanos nas relações internacionais,O acolhimento a refugiados como um desafio global e a importância da solidariedade internacional e da defesa dos direitos humanos,Discurso político em um ambiente de simulação da ONU,"Discurso político em um ambiente de simulação da ONU: caracteriza-se por ser um texto formal e persuasivo, proferido por um delegado representando um país em um evento que simula as atividades da Organização das Nações Unidas. O objetivo principal é defender os interesses do país representado, expressar sua posição sobre temas da agenda internacional, propor soluções para problemas globais e buscar o consenso com outras nações. A estrutura do discurso geralmente inclui uma saudação protocolar, uma contextualização do tema em debate, a apresentação da posição do país, argumentos e evidências que a sustentem, propostas de ação e um apelo à cooperação internacional. A linguagem utilizada é diplomática, objetiva e precisa, buscando transmitir credibilidade e seriedade. O discurso político em simulações da ONU desempenha um papel importante na formação de jovens líderes, incentivando o debate informado, a negociação e a busca por soluções pacíficas para os desafios globais.",Delegado brasileiro no MONUEM,"Delegados de outros países, especialmente o delegado da Hungria",Representante do Brasil e defensor dos direitos humanos,Discurso do delegado húngaro contrário à política de acolhimento a refugiados,Estrutura formal de discurso com elementos argumentativos e expositivos,Predominantemente argumentativa e expositiva,Convencer os demais delegados da importância do acolhimento a refugiados e destacar o papel positivo do Brasil,Utilizar informações e argumentos da coletânea para embasar a defesa do acolhimento a refugiados e as boas práticas do Brasil,"Vocabulário preciso e formal, adequado ao contexto político e diplomático","Recursos que garantam a coesão e a coerência do discurso, articulando argumentos e exemplos",Domínio da norma culta da língua portuguesa,"Formal e persuasivo, com tom diplomático e respeitoso",Capacidade de articular os elementos da coletânea com a posição do Brasil e a situação específica da simulação,"Adequação ao tema, ao gênero e à situação de produção","O candidato deve demonstrar conhecimento sobre a questão dos refugiados e a posição do Brasil em relação ao acolhimento. É importante analisar criticamente o discurso xenófobo do primeiro-ministro húngaro e contrapor seus argumentos com dados e exemplos. O candidato pode explorar os textos da coletânea que destacam os benefícios econômicos e sociais do acolhimento a refugiados, além dos princípios da Constituição Brasileira que garantem a concessão de asilo político.","A segunda proposta de redação colocava o candidato na situação de um enunciador que representa a delegação brasi-
leira no MONUEM (Modelo de Simulação da ONU para Ensino Médio), projeto do Ministério das Relações Exteriores que realiza,
nas escolas da rede pública de ensino de São Paulo, simulações de rodadas de negociação entre representantes da Organização
das Nações Unidas. O candidato-enunciador, na função de delegado brasileiro, deveria elaborar um discurso em resposta ao
delegado húngaro: um
texto argumentativo que seria supostamente lido em voz alta em plenário. Em seu discurso, o então
delegado brasileiro deveria atender ao primeiro comando da prova: a-) rebater a posição política da Hungria, país contrário ao
acolhimento de refugiados para, assim, atender ao segundo comando: b-) defender o acolhimento aos refugiados em apoio às
boas práticas nas relações internacionais do Brasil.
Para cumprir tais tarefas, era imprescindível que o candidato lesse os textos da coletânea. Por exemplo, para atender à
primeira instrução, ele necessariamente precisaria ler as declarações de Viktor Orbán (texto 2), a fim de contestar as ideias de
teor xenofóbico, nazifascista, segregacionista e eurocêntrico do primeiro-ministro da Hungria, que, na lógica das organizações
e negociações internacionais, são representadas pelo delegado húngaro participante do MONUEM. Orbán afirma que seu país
não aceita refugiados, pois são “pessoas perigosas”, “terroristas” em potencial, que ameaçam a “identidade cultural da Eu-
ropa”. Diz ainda que é contra a “mistura de raças” entre o europeu e o não europeu, e não quer que os húngaros se tornem
um “povo misto”: “Estamos dispostos a nos misturar, mas não queremos nos tornar povos mistos”. Para ele, trata-se de uma
“questão cultural”, “civilizacional”. Portanto, é esse discurso que o enunciador, representante do Brasil no contexto geopolítico,
deveria refutar.
Para sustentar sua argumentação, o então candidato poderia ter se valido dos textos 1 e 3 da coletânea para defender,
por exemplo, a
questão humanitária implicada na
situação dos refugiados. Como bem descreve o texto 1, “são pessoas que
estão fora do seu país” por motivos de perseguição, conflitos ou violências outras, por isso “necessitam de proteção interna-
cional”. Já o texto 3 denuncia o perigo envolvido nas viagens ilegais desses imigrantes: são homens, mulheres, crianças e até
bebês que morrem em mares do Oriente e Ocidente durante as travessias. Assistir a essas tragédias anunciadas com tamanha
apatia e insensibilidade parece corresponder ao comportamento xenofóbico e desumano de muitos europeus que pensam como
o primeiro-ministro da Hungria.
Para atender à segunda instrução, o candidato tinha a opção de se apropriar dos textos 4, 5 e 6 para argumentar favo-
ravelmente ao acolhimento dos refugiados como uma “obrigação humanitária” (texto 4), e também como um princípio ético
de civilidade e cidadania, tal como rege o Artigo 4° da nossa Constituição Federal (texto 5), que, ao tratar de relações interna-
cionais, prescreve: II- [a] prevalência dos direitos humanos; VIII- [o] repúdio ao terrorismo e ao racismo; IX- [a] cooperação entre
os povos para o progresso da humanidade; X- [a] concessão de asilo político. Esse último mereceu a inclusão, na prova, de um
verbete em que se explica o termo “asilo político”. Tais princípios constitucionais poderiam ter sido usados como argumentos
para mostrar à Hungria – e, por extensão, a todos que pensam como ela – de que forma o Brasil pensa e age no que diz respeito
à sua política externa.
A obrigação humanitária e civil é cumprida no nosso país, como comprovam as estatísticas do texto 4. De acordo com
pesquisa que mede a percepção dos brasileiros sobre refugiados (fonte: Ipsos), em relação à média global (33%), os brasileiros
se destacam (39%) por realizar ações de apoio aos refugiados – que vão desde simples postagens em redes sociais (22%) até
tentativas de contato com funcionários do governo ou assinaturas de petições (11%), ou mesmo doação de fundos em auxílio
a esses imigrantes (11%). Essas também são algumas das “boas práticas nas relações internacionais” que podem ser destaca-
das pelo discurso do delegado brasileiro ao defender o acolhimento aos refugiados, conforme solicitação do segundo item da
proposta.
Por fim, era possível ainda mobilizar o texto 6 para destacar os benefícios (a médio e longo prazos) destas boas práticas
de assistência pública: “o ensino gratuito de idioma local, a promoção do acesso das crianças às escolas, o reconhecimento das
qualificações acadêmicas dos imigrantes e a redistribuição dos imigrantes dentro do país”. Tais gastos do país anfitrião funcio-
nam como “um investimento que pode retornar” em forma de impostos, uma vez que os refugiados são integrados ao mercado
de trabalho e assim contribuem em termos fiscais com o país acolhedor.
A banca elaboradora esperava que os candidatos que tinham optado por essa proposta tivessem lido
seletiva e
critica-
mente a coletânea em função do seu
projeto de texto. Foram bem avaliados os
discursos que se apropriaram de argumentos
oferecidos pela coletânea tanto para rebater a posição política xenofóbica e eurocêntrica da Hungria (textos 1, 2 e 3) quanto
para defender o acolhimento de refugiados como uma obrigação humanitária e civil (textos 1, 4 e 5), tal como tem feito o
Brasil em suas ações de políticas internas (texto 5) e externas (textos 4 e 6). Em suma, a situação de produção simulada nesta
proposta do Vestibular Unicamp 2024 requeria um candidato que discursasse como um representante brasileiro em plenário na
ONU, cujos argumentos deveriam refutar um posicionamento político para acolher outro: o de um Brasil que zela pela xenofilia,
alteridade e empatia. Eis o desafio!"
Proposta 1 de 2023,1,2023,https://www.comvest.unicamp.br/wp-content/uploads/2023/06/F2_REDACAO.pdf,Política de segurança pública e armamento da população,Os riscos da política de armamento da população brasileira e a abertura de clubes de tiro em áreas residenciais,"Texto de convocação para uma reunião, com características injuntivas e argumentativas.","Texto de convocação para reunião é um gênero textual escrito que tem como objetivo principal convidar e mobilizar um grupo de pessoas para participar de uma reunião sobre um tema específico. Ele apresenta informações sobre o assunto a ser discutido, a data, o horário e o local da reunião, além de destacar a importância da participação de todos.",Morador(a) preocupado(a) com a abertura de um clube de tiro próximo à sua casa.,Associação de moradores do bairro.,"Cidadão(ã) engajado(a) na busca por segurança e bem-estar da comunidade, afetado(a) pela perda de uma amiga vítima de violência armada.","A perda de uma amiga de escola, vítima de um disparo acidental por arma de fogo, e a notícia da inauguração de um clube de tiro próximo à casa do(a) enunciador(a), levando-o(a) a convocar uma reunião com a associação de moradores para discutir providências.","O texto deve apresentar uma estrutura que combine injunção e argumentação, com uma progressão temática coerente e um tom persuasivo.",Predominantemente injuntiva (convocação para a reunião) e argumentativa (defesa de um posicionamento contrário aos clubes de tiro e ao armamento da população).,"O candidato deve elaborar um projeto de texto que considere a situação de produção (a abertura do clube de tiro e a perda da amiga), a interlocução (a associação de moradores) e o objetivo de convencer os moradores a participarem da reunião e a se posicionarem contra a abertura do clube.","O candidato deve utilizar os dados, informações e argumentos dos textos da coletânea para sustentar sua posição contrária aos clubes de tiro e ao armamento da população.","O candidato deve utilizar um vocabulário preciso e variado, construindo frases e períodos de forma clara e coesa, com um registro formal adequado ao gênero. ","O candidato deve utilizar recursos coesivos para garantir a articulação entre a injunção e a argumentação, além da progressão temática do texto. ",O candidato deve demonstrar domínio da norma culta da língua portuguesa.,"O candidato pode imprimir um estilo pessoal ao texto, utilizando recursos retóricos como perguntas retóricas, exemplos etc., desde que sejam adequados ao público-alvo e à situação de produção. "," O candidato pode apresentar argumentos originais e propostas criativas para a defesa da segurança e do bem-estar da comunidade.",O texto deve ser adequado ao tema proposto e ao gênero solicitado.,"A expectativa da banca destaca a importância de os candidatos demonstrarem compreensão dos perigos da proliferação de clubes de tiro e da flexibilização da posse e do porte de armas de fogo, além de argumentarem contra essa política e em favor de alternativas para a segurança pública. O candidato deve explorar a situação de produção e a interlocução, construindo um texto que seja persuasivo e que mobilize os moradores a se engajarem na discussão e na busca por soluções. A linguagem formal deve ser utilizada de forma consciente, sem comprometer a clareza e a persuasão do texto.","Os candidatos deveriam se colocar na situação de alguém  que toma a iniciativa de escrever um texto de convocação para uma reunião com a associação de  moradores do seu bairro, cuja pauta deveria focar nas providências a serem tomadas com relação  à abertura de um clube de tiro na vizinhança. Nesse texto de convocação, os candidatos, então  enunciadores-habitantes dessa comunidade, deveriam, necessariamente, destacar os perigos que  envolvem a existência de um clube de tiro, argumentar contrariamente à posse ou ao porte de ar 
mas de fogo e, de modo ainda mais amplo, criticar uma política de segurança pública baseada no  armamento da população brasileira, conforme os Decretos Federais 9.846/2019 e 10.627/2021.  Para cumprir tais tarefas, a leitura dos textos da coletânea era imprescindível, pois nela os candida tos encontravam informações (disponibilizadas em dados, números e gráficos) a respeito do tema  proposto. Deveriam, então, ler atentamente todos os textos apresentados na prova e selecionar  aqueles que desejassem mobilizar como argumentos, planejando o seu texto de convocação injun tivo e argumentativo.

A prova de Redação do Vestibular Unicamp 2023 mais uma vez oferece duas propostas de  texto, cada uma tratando de importantes temáticas da atualidade, para avaliar as competências  de leitura e escrita de seus candidatos, futuros estudantes universitários. Desta vez, a primeira  proposta de redação coloca em discussão os perigos envolvidos na proliferação dos clubes de tiro  no Brasil, sobretudo após a flexibilização da posse e do porte de armas de fogo, garantida pelos  Decretos Federais 9.846/2019 e 10.627/2021, aos cidadãos que exercem a atividade de Caçador,  Atirador e Colecionador (os CACs). A segunda proposta, por sua vez, destaca a urgência de es 
colas brasileiras oferecerem uma educação antirracista, repensando seus currículos e a ocupação  de seus espaços, de modo a garantir uma maior diversidade étnico-racial, seja na contratação de  professoras/es e funcionárias/os, seja na presença de alunas/os negras/os nas escolas. 
A partir da situação de produção criada pela Banca Elaboradora, os candidatos que optassem  pela Proposta 1 deveriam simular ser alguém que há um ano sofreu a perda de uma amiga de es cola, vítima de um disparo acidental por arma de fogo de um colecionador. Por isso, ao saber que  um grupo de empresários inauguraria um clube de tiro perto de sua casa, fica preocupada/o e logo  toma a iniciativa de escrever um texto, convocando uma reunião com a associação de moradores  do seu bairro, em que discutiriam providências a serem tomadas a respeito. No texto da convo cação, o/a então enunciador/a deveria: a) destacar os perigos que envolvem a abertura de um  clube de tiro; b) argumentar contrariamente à posse e ao porte de armas de fogo e, de modo mais  amplo, c) criticar uma política de segurança pública pautada no armamento da população brasileira. 
Para cumprir tais tarefas, é obrigatória a leitura da coletânea, que dispõe de informações  atuais – como dados, números e gráficos –, oferecendo, assim, subsídios para os candidatos elabo rarem o seu texto de convocação, injuntivo e argumentativo. Tal gênero requer uma linguagem mais  
formal, seguindo o padrão da norma culta da língua portuguesa, e um tom persuasivo, já que a  intenção é a de convocar a associação dos moradores do bairro para tomarem decisões con juntas sobre a abertura de um clube de tiro nas redondezas. O primeiro excerto, por exemplo,  apresenta dados do Exército Brasileiro que apontam o aumento de mais de mil clubes de tiro no  Brasil, o que significa, na prática, a inauguração de quase um clube de tiro por dia no país entre  janeiro de 2019 e maio de 2022. Esse fato, somado ao crescimento no número de cidadãos  que conseguiu permissão para transitar com armas de fogo e exercer atividades como CACs,  não só representa um risco de segurança pública, como também alimenta um setor econômico  específico: o da indústria armamentista. 
 O segundo excerto complementa o primeiro, uma vez que também apresenta números alar mantes: de acordo com o Instituto Sou da Paz, há atualmente no Brasil mais de 880 mil armas  de fogo – incluindo fuzis – circulando nas mãos de CACs, que têm o direito legal de também  
 PROVA COMENTADA • REDAÇÃO 
comprar, anualmente, milhares de balas (projéteis). O acesso fácil às armas de fogo traz conse quências desastrosas, como nos é apresentado no terceiro excerto. Pesquisas realizadas pelo  professor David Hemenway, da Universidade de Harvard, constatam que, nos estados onde há  mais lares com armas de fogo, há mais casos de homicídios e suicídios, sobretudo de mulheres  e crianças. Nessa relação entre disponibilidade de armas de fogo e mortes violentas, de uma  lista de 25 países de alta renda, os Estados Unidos da América ocupam o primeiro lugar em  homicídios de mulheres. O gráfico do quarto excerto traz as estatísticas para o Brasil, que dialogam com os perigos  presentes na realidade estadunidense. Segundo o Instituto Sou da Paz, nos últimos dois anos  (2020 e 2021) – após Decretos Federais 9.846/2019 e 10.627/2021 –, o número de mortes  por armas de fogo de mão aumentou consideravelmente em locais como “ruas e estradas”, o  que pode estar associado ao deslocamento de CACs até os clubes de tiro. Vale lembrar ainda  que o/a enunciador/a da convocatória é alguém que perdeu uma amiga de escola vítima de  um disparo acidental por armas de fogo de um colecionador, situação que também pode ser  explorada pelos candidatos como argumento, dado o aumento de mortes por armas de fogo em
“residências” e “escolas” (texto 4). 
Como se vê, a leitura dos textos de 1 a 4 da coletânea oferece aos candidatos informações  e dados suficientes para cumprirem os dois primeiros comandos da proposta: destacar os peri gos que envolvem a abertura de um clube de tiro na vizinhança (texto 1) e argumentar de modo  contrário à posse e ao porte de armas de fogo (textos 2, 3 e 4), ressaltando os perigos iminentes  de mortes violentas que o acesso fácil a elas possibilita (texto 2), como homicídios e suicídios,  principalmente de mulheres e crianças (texto 3). Logo, a onipresença de armas de fogo (texto 4)  demonstra a ameaça constante a que a sociedade civil está exposta no Brasil atualmente. 
Já os textos 5 e 6 da coletânea poderiam ser melhor aproveitados pelos candidatos como  argumentos para cumprirem o terceiro comando da proposta: criticar uma política de segurança  pública baseada no armamento da população brasileira. O excerto 5, por exemplo, noticia o fato  de uma conhecida facção criminosa se beneficiar dos decretos do atual presidente para comprar  armamentos. De acordo com o jornal O Estado de São Paulo, ora os criminosos se disfarçam de  CACs para efetuar a compra de armas de fogo, ora utilizam “laranjas” para adquirirem os equipa 
mentos para o grupo. Assim, a legalização tem fortalecido cada vez mais o crime organizado, que  coloca a sociedade civil nas mãos (armadas) de criminosos (texto 5). O excerto 6 corrobora essa  ideia ao defender que o combate à criminalidade se dá seja por meio de investimentos na polícia  – tanto nas ações de inteligência, quanto na sua estrutura (armamento, viaturas, coletes, contin 
gente, informatização) –, seja por meio de ações preventivas, como o investimento em políticas  públicas sociais (texto 6) – e não distribuindo armas para a população, portanto.

A proposta requer que os candidatos cumpram os comandos a, b e c da prova, assumindo  uma determinada máscara discursiva para se dirigirem ao seu respectivo interlocutor, em linguagem adequada ao gênero textual escolhido."
Proposta 2 de 2023,2,2023,https://www.comvest.unicamp.br/wp-content/uploads/2023/06/F2_REDACAO.pdf,Educação antirracista e o combate ao racismo no ambiente escolar,"Declarar a autoidentificação racial, relatar experiências pessoais com racismo na escola e analisar como a diversidade étnico-racial é tratada na escola, considerando aspectos como currículo, conflitos cotidianos, contratação de professores/as",Depoimento (texto narrativo e explicativo em primeira pessoa).,"Depoimento é um gênero textual escrito ou oral que tem como objetivo principal relatar uma experiência pessoal ou testemunhar sobre um fato ou situação. Ele é caracterizado pela subjetividade, pela narrativa em primeira pessoa e pela expressão de opiniões e sentimentos.",Estudante do terceiro ano do ensino médio.,"Direção da escola. ","Estudante disposto(a) a contribuir com o projeto de educação antirracista, compartilhando sua experiência com a discriminação racial na escola.",A escola está lançando um projeto de educação antirracista e solicitou depoimentos sigilosos dos membros da comunidade escolar sobre a questão da discriminação racial no espaço escolar.,"O  texto deve apresentar uma estrutura que combine narrativa e explicação, com progressão temática coerente e um tom reflexivo.","Predominantemente narrativa (relato de experiências) e explicativa (análise da questão racial na escola), com possível presença de sequências argumentativas.","O candidato deve elaborar um projeto de texto que considere a situação de produção (o projeto antirracista da escola), a interlocução (depoimento sigiloso para a direção) e o objetivo de relatar experiências e refletir sobre a questão racial na escola.","O candidato deve utilizar as informações dos textos da coletânea para fundamentar suas reflexões, como a definição de antirracismo (texto 1), a crítica ao racismo estrutural e a importância da autoestima e valorização da cultura negra (texto 2), a charge sobre o mito da ""cor de pele"" (texto 3), a lei 11.645/2008 (texto 4) e a análise das desigualdades raciais na educação (texto 5).","O candidato deve utilizar um vocabulário preciso e variado, construindo frases e períodos de forma clara e coesa, com um registro formal adequado ao gênero depoimento.","O candidato deve utilizar recursos coesivos para garantir a articulação entre a narrativa e as reflexões, além da progressão temática do texto.",O candidato deve demonstrar domínio da norma culta da língua portuguesa.,"O candidato pode imprimir um estilo pessoal ao texto, utilizando recursos estilísticos como metáforas, ironia, interrogações etc., desde que sejam adequados ao gênero depoimento.",O candidato pode apresentar um relato original e reflexões criativas sobre o tema.,O texto deve ser adequado ao tema proposto e ao gênero solicitado.,"A expectativa da banca destaca a importância de os candidatos demonstrarem compreensão do racismo estrutural e da necessidade de uma educação antirracista, além de construírem um texto que funcione como um testemunho das desigualdades raciais na escola. 
• O candidato pode explorar diferentes experiências de racismo (presenciadas, cometidas ou sofridas) e refletir sobre suas consequências. 
• O candidato deve analisar como a diversidade étnico-racial é tratada na escola, considerando o currículo, os conflitos, a composição do corpo docente e a presença de alunos negros.","Os candidatos deveriam assumir o papel de um/a estu dante do terceiro ano do ensino médio que escreve um depoimento para a direção de sua esco la, atendendo à solicitação da instituição que lançou um projeto de educação antirracista. Nesse  depoimento, o/a narrador/a-personagem deveria declarar como se identifica racialmente, relatar  se já testemunhou, cometeu e/ou sofreu algum ato de racismo no colégio e explicar o tratamento  dado à diversidade étnico-racial em sua escola. Para cumprir tais tarefas, os candidatos deveriam  se apropriar da leitura da coletânea para produzir o seu depoimento, em primeira pessoa, no qual  explicariam como a diversidade étnico-racial é tratada em seu espaço escolar. Os textos apresenta dos na coletânea contribuem para a elaboração de um episódio que denuncie o racismo enraizado  no colégio, já que o problema é estrutural e se faz evidente nos conflitos escolares cotidianos, nos  currículos, na presença ou ausência de professores e alunos/as negros/as nas escolas.

Os candidatos que optassem pela Proposta 2 deveriam assumir o papel de um/a estudan te do terceiro ano do ensino médio, cujo colégio lançou um projeto de educação antirracista.  Solicitada/o pela direção a colaborar com essa proposta, a/o então estudante deveria escrever  um depoimento sobre o racismo no cotidiano escolar. Em seu texto, a/o narrador/a deveria:  a) declarar como se identifica racialmente; b) contar se já testemunhou, cometeu e/ou sofreu  algum ato de racismo no colégio, e c) explicar o tratamento dado à diversidade étnico-racial  na sua escola. Para cumprir essa última tarefa, os candidatos poderiam refletir criticamente  sobre a presença (ou não) de alunas/os negras/os em seu colégio, sobre o trabalho em sala de  aula com currículos que valorizam (ou não) o ensino das histórias e culturas afro-brasileiras e  indígenas, sobre a existência (ou não) de professoras/es negras/s, bem como sobre conflitos  cotidianos envolvendo discriminação racial. Desse modo, poderiam identificar efeitos do racis 
mo estrutural na escola, e/ou, ao contrário, poderiam relatar ações e cuidados que têm sido  
 PROVA COMENTADA • REDAÇÃO 
tomados no combate a esse tipo de discriminação tão enraizada em nossa sociedade. 
 Considerando os comandos no enunciado da proposta, espera-se dos candidatos a elabo ração de um texto narrativo e explicativo em primeira pessoa. Além disso, como o gênero é um  depoimento a ser encaminhado à direção do colégio, são desejadas redações escritas em con sonância com a norma culta da língua portuguesa, mesmo que se adote um tom mais informal.  Assim como na proposta anterior, os candidatos devem ler e se apropriar dos textos da co letânea para a produção do seu depoimento. O primeiro excerto é um verbete que traz a defi nição do termo antirracismo, fundamental para uma compreensão inicial do tema da redação,  mas não suficiente para se entender o que é ou pode ser uma educação antirracista – conceito  esse que pode ser depreendido pelos candidatos a partir da leitura dos textos 2 e 5 da cole tânea. O segundo excerto, por exemplo, revela a amplitude dessa educação, mostrando que  ela extrapola o âmbito do conflito entre dois indivíduos (o bullying) e abrange o acolhimento e  o reconhecimento de distintas histórias e identidades no espaço escolar. Essa tarefa, segundo  Ednéia Gonçalves, diretora-executiva da Ação Educativa, implica a revisão de todos os processos envolvidos no ensino: currículos, formação, avaliação, material didático, arquitetura e rotina,  além do empenho contínuo de valorização da cultura negra. 
O quinto excerto, por sua vez, traz o posicionamento da geógrafa Iara Pires Viana sobre o  papel da educação no combate ao racismo. Assim como Gonçalves (texto 2), Viana também acre dita que promover uma educação antirracista vai muito além de combater ofensas e xingamentos  do racismo cotidiano na escola. Para ela, é preciso denunciar o racismo epistêmico, revisar os  currículos para garantir a sua pluriversalidade e formar um corpo docente etnicamente diverso no  espaço escolar. A geógrafa sustenta que não podemos acreditar no chamado mito da democracia  racial no Brasil, o que pode ser constatado ao se analisarem as porcentagens na tabela (texto 5):  quanto mais alto é o nível de ensino, menor é o percentual de estudantes negros – fato que sugere  a urgência de se promover uma educação inclusiva e equânime no nosso país. 
Com base nesses dois textos (2 e 5) da coletânea, serão valorizadas redações que demons trem compreender tanto a abrangência da educação antirracista quanto a real necessidade de se  combater essa discriminação no espaço escolar. Essa necessidade pode ser concluída a partir, por  exemplo, da leitura da tabela (texto 5), reveladora do processo de “embranquecimento” das turmas  ao longo dos anos do ensino básico até o ensino superior. Tal processo de “embranquecimento”  também pode ser inferido a partir da leitura da charge apresentada no terceiro excerto da coletâ nea. De tom bem-humorado, porém crítico, a charge evidencia a presença sutil e naturalizada do  racismo estrutural no cotidiano escolar, como no exemplo do uso do termo “cor da pele”, mostrando  como essa cor automaticamente nos remete às tonalidades “branca” ou “bege”, apagando assim  os seres humanos que têm outros tons de pele. Assim como o vocabulário empregado esconde  preconceitos, isso também pode ocorrer em outros exemplos corriqueiros em sala de aula. Nesse  sentido, a charge pode ser lida como um exemplo de racismo que “quando você esgarça, ele pula”  nas “dobras” (texto 2). 
Por fim, o quarto excerto da coletânea apresenta a lei de número 11.645, de março de 2008,  que torna obrigatório o ensino da história e da cultura afro-brasileira e indígena na educação  básica brasileira, tanto em escolas da rede pública quanto da rede privada. Essa obrigatorie dade foi uma conquista importante para a construção de uma educação antirracista no Brasil,  embora saibamos que nem sempre ela é cumprida, fator que pode também ser objeto de refle xão e discussão por parte dos candidatos em seu depoimento.  Conclui-se, assim, que as duas propostas, de gêneros discursivos diferentes (uma convo cação e um depoimento), são respaldadas por coletâneas repletas de informações, dados  numéricos, verbete, gráfico e tabela, legislação vigente, charge e textos que trazem posiciona mentos críticos relativos aos dois temas de redação da prova do Vestibular Unicamp 2023: a  flexibilização do uso de armas de fogo e a necessidade de uma educação antirracista.

A proposta requer que os candidatos cumpram os comandos a, b e c da prova, assumindo  uma determinada máscara discursiva para se dirigirem ao seu respectivo interlocutor, em linguagem adequada ao gênero textual escolhido."
Proposta 1 de 2022,1,2022,https://www.comvest.unicamp.br/wp-content/uploads/2022/06/Redacao-comentada_2022.pdf,"A atuação de crianças e adolescentes como digital influencers e os desafios e
oportunidades dessa experiência.",O racismo no ambiente escolar e as possibilidades de uma educação antirracista que promova a igualdade racial e o respeito à diversidade,"Postagem (""textão"") em rede social.","Postagem (""textão"") em rede social: caracteriza-se por ser um texto geralmente informal e extenso, publicado em plataformas digitais como Facebook, Instagram ou Twitter, com o objetivo de expressar opiniões, compartilhar experiências, narrar acontecimentos ou promover debates sobre temas diversos, utilizando linguagem coloquial, recursos visuais e interação com outros usuários através de comentários e reações.",Adolescente de 15 anos que se tornou digital influencer.,Seguidores nas redes sociais (principalmente outros adolescentes).,"Adolescente digital influencer que reflete sobre sua
experiência e se posiciona sobre a atuação de crianças e jovens nas redes sociais.","O(a) adolescente, com 15 anos, possui conta em redes sociais desde os 13 anos e, nos
últimos seis meses, seu número de seguidores quintuplicou, chegando a quase 1 milhão. A fama repentina gerou preocupação em parentes e amigos, que passaram a alertar os
pais do(a) adolescente sobre os perigos da superexposição na internet e a possibilidade de
configurar trabalho infantil. Diante das opiniões divergentes, o(a) adolescente decide escrever um post (""textão"")
para relatar sua experiência e se posicionar sobre o tema.","O post deve apresentar uma estrutura que combine
narrativa e argumentação, com uma progressão temática coerente e um estilo adequado
ao gênero.","Predominantemente narrativa (relato da trajetória) e
argumentativa (posicionamento sobre a atuação de crianças e jovens como digital
influencers), com possível presença de sequências descritivas e expositivas.","O candidato deve elaborar um projeto de texto que considere a
situação de produção (a polêmica em torno da sua fama), a interlocução (os seguidores
nas redes sociais) e o objetivo de relatar sua experiência e se posicionar sobre o tema.","O candidato deve ler criticamente os textos da
coletânea, identificando informações e argumentos relevantes sobre os perigos da
superexposição na internet (texto 2), o cyberbullying (texto 1), a questão do trabalho
infantil (texto 4) e o exemplo de uma digital influencer mirim (texto 3), para então
construir sua narrativa e argumentação.","O candidato deve utilizar uma linguagem informal,
com expressões típicas das redes sociais e dos adolescentes, mas sem descuidar da
clareza e da coesão do texto.","O candidato deve utilizar recursos coesivos para garantir a
articulação entre a narrativa e a argumentação, além da progressão temática do texto.","O candidato deve demonstrar domínio da norma culta da língua
portuguesa, mesmo em um texto informal, evitando erros gramaticais graves.","O candidato deve imprimir um estilo pessoal ao post, utilizando recursos
estilísticos como humor, ironia, gírias etc., desde que sejam adequados ao público-alvo
e à situação de produção.","O candidato pode apresentar uma trajetória original e reflexões
criativas sobre a experiência como digital influencer.",O texto deve ser adequado ao tema proposto e ao gênero solicitado.,"A expectativa da banca destaca a importância de os candidatos relacionarem a narrativa
da sua trajetória como digital influencer às impressões e ao posicionamento sobre a
atuação de crianças e jovens nas redes sociais. O candidato deve considerar os riscos e as oportunidades dessa experiência,
aproveitando as informações da coletânea para construir seus argumentos. A linguagem informal deve ser utilizada de forma consciente, sem comprometer a
clareza e a coesão do texto.","Na primeira proposta, os candidatos devem assumir a mascara discursiva de um/a digita/ inf/uencer adolescente, de 15
anos, que se tornou famoso/a e que, de alguma forma, se sente incomodado/a com comentarios e perguntas feitas por
parentes e amigos a seus pais sobre seu sucesso na internet, por isso resolve escrever um post (textao) em um de seus
perfis de rede social. Nesse post, o entao digita/ inf/uencer deve redigir um texto em parte narrativo, em parte
argumentativo, no qual narra sua trajetoria de atuagao em midias sociais ate se tornar um digita/ inf/uencer, relata suas
impressoes acerca dessa experiencia (sejam aspectos positivos e/ou negativos) para, por fim, posicionar-se sobre a atuagao
de criangas e adolescentes como digita/ influencers.
Para escrever o seu post, os candidatos devem ler criticamente os textos disponiveis na coletanea da prova em favor de
seu projeto de texto. O primeiro e um texto retirado de uma reportagem publicada no site do Fundo das Nacoes Unidas
para a Infancia (Unicef), que apresenta uma definicao do termo cyberbullying: um dos perigos a que estao suscetiveis
criancas e adolescentes expostos a internet. A leitura desse verbete pode sugerir aos candidatos a inclusao desse tema na
narrativa de sua trajetoria, contando se ja sofreu esse tipo de agressao, por exemplo. Alternativamente, o candidato pode.
influencers. Nesse caso, os perigos do cyberbullying a que estao expostos os menores de idade em midias sociais podem.
esse tipo de violencia nas redes..
O segundo texto defende a importancia do papel das familias e escolas no acompanhamento de criancas e adolescentes
nas redes sociais. A reportagem, assinada por Mariana Mandelli, publicada no jornal Fo/ha de S. Paulo, faz uma distincao
entre proibigao e controle no uso das midias sociais, manifestando-se favoravel ao dialogo dos pais com os menores de
idade, no intuito de ajuda-los a criar uma relacao saudavel e segura com essas midias. Ao estabelecer essa distincao e
constatar a inevitavel presenca do ""universo digital"" na cultura das criangas e adolescentes de hoje, o texto fornece bons.
aproveitada para sustentar um posicionamento contrario, ja que alerta sobre a fragilidade dos nativos digitais diante dos
inumeros riscos e perigos ocultos nas redes sociais. E possivel ainda, os candidatos se valerem, em sua narrativa, da
existencia ou nao do controle dos seus familiares e/ou da sua escola, da presenca ou ausencia de dialogo com seus pais
impressoes acerca dessa experiencia (que pode ter sido positiva, ou mesmo traumatica)..
O terceiro texto vem acompanhado da fotografia de uma digita/ inf/uencer de 13 anos (na epoca do registro, em 2018).
Nele, os candidatos conhecerao um pouco a trajetoria dessa adolescente, reconhecida como a primeira YouTuber surda
oralizada no Brasil. A. C. se tornou celebridade nas redes sociais por compartilhar seu cotidiano com outras criancas e
adolescentes, postando desafios, videos de brinquedos e vlogs em seu canal (""Vida de Amy), que conta com milhares de
narrador/a-personagem digita/ inf/uencer, bem como propiciar argumentos para discussoes em torno da etica implicada na
Por fim, o quarto texto caracteriza como traba/ho infanti/ a atuacao de criancas e adolescentes no YouTube. No texto,
extraido da materia originalmente publicada no site do Forum Nacional de Prevengao e Erradicacao do Trabalho Intantil
(FNPEti), Cristina Sena apresenta duas situacoes em que os youtubers mirins prestam servicos apropriados
economicamente por terceiros: quando fazem propaganda de determinados produtos em seus canais ou quando sao
inseridos anuncios publicitarios em seus videos. De acordo com o texto, a publicidade infantojuvenil e considerada
prejudicial tanto para quem atua nela quanto para quem a consome, uma vez que estimula praticas como o consumismo
e o materialismo, diminui as brincadeiras criativas, promove a erotizacao precoce, a violencia e a segregacao de genero.
Os candidatos que optarem por criticar esse tipo de trabalho encontram aqui um rol de argumentos, e podem, ainda,
construir narrativas que espelhem essas experiencias negativas.
Vale dizer que, em se tratando da producao de um extenso texto (""textao"") a ser postado nas redes sociais, sao esperadas
marcas linguisticas relativamente informais na escrita dos candidatos, conferindo a redagao um tom coloquial
caracteristico do genero discursivo solicitado (um post).
A expectativa e que as melhores redacoes sejam aquelas em que os candidatos consigam, a partir da perspectiva discursiva
de um digita/ influencer adolescente, atrelar a narrativa da sua trajetoria em redes sociais e as impressoes extraidas dessa
experiencia vivida a argumentos relativos a atuacao de criangas e jovens como digita/ inf/uencers. Para isso, eles devem se internet (texto 2) e do trabalho infantil (texto 4) e alertam para a importancia do controle de pais e escola (texto 2) nessa atuacao, alem de trazerem um exemplo de uma digita/ inf/uencer de 13 anos (texto 3)."
Proposta 2 de 2022,2,2022,https://www.comvest.unicamp.br/wp-content/uploads/2022/06/Redacao-comentada_2022.pdf,"O sucateamento da ciência e da pesquisa no Brasil e a necessidade de resistência da
comunidade científica.","Apontar o corte de verbas destinadas à ciência e à pesquisa no Brasil. Denunciar os prejuízos desses cortes. Convocar a comunidade científica para o repúdio a essa política de sucateamento da
ciência e da pesquisa.",Manifesto coletivo a ser lido em voz alta.,"Manifesto coletivo a ser lido em voz alta: caracteriza-se por ser um texto de caráter político e reivindicatório, elaborado por um grupo de pessoas que compartilham uma causa ou ideologia comum, com o objetivo de expressar suas demandas, denunciar injustiças, propor soluções e convocar a mobilização social. Sua estrutura textual é geralmente organizada em torno de uma introdução que contextualiza o problema, um desenvolvimento que apresenta os argumentos e reivindicações do grupo, e uma conclusão que conclama à ação coletiva. A linguagem utilizada é frequentemente persuasiva e eloquente, buscando impactar o público e despertar sua adesão à causa defendida. A leitura em voz alta reforça a dimensão performativa do manifesto, conferindo-lhe maior expressividade e poder de convencimento.","Grupo de jovens pesquisadores brasileiros que tiveram seus projetos
de Iniciação Científica (IC) rejeitados por restrição orçamentária.","Comunidade científica presente na reunião anual da Sociedade Brasileira
para o Progresso da Ciência (SBPC).","Jovens pesquisadores indignados com os cortes de verbas na
ciência e na pesquisa, que escrevem um manifesto coletivo como ato de protesto e
resistência.","Cortes de verbas no orçamento destinado à ciência e à pesquisa no Brasil em 2021.
Projetos de IC aprovados por mérito, mas não financiados devido à falta de recursos.
Frustração e indignação dos jovens pesquisadores.
Decisão de escrever um manifesto coletivo a ser lido na reunião anual da SBPC.","O manifesto deve apresentar uma estrutura argumentativa
clara e coesa, com argumentos bem fundamentados e um tom de indignação e
convocação.","Predominantemente argumentativa, com possível presença de
sequências expositivas e narrativas.","O candidato deve elaborar um projeto de texto que considere a
situação de produção (a reunião anual da SBPC), a interlocução (a comunidade
científica) e o objetivo de denunciar os cortes de verbas e convocar a resistência.","O candidato deve utilizar as informações dos
textos da coletânea para fundamentar seus argumentos, como os relatos de estudantes
e pesquisadores sobre os impactos dos cortes (texto 1), os dados sobre os cortes
orçamentários (texto 2), o protesto dos estudantes (texto 3) e o manifesto coletivo
publicado na revista Science (texto 4).","O candidato deve utilizar um vocabulário preciso e
variado, construindo frases e períodos de forma clara e coesa, com um registro formal
adequado ao gênero manifesto.","O candidato deve utilizar recursos coesivos para garantir a
articulação entre os argumentos e a progressão temática do texto.","O candidato deve demonstrar domínio da norma culta da língua
portuguesa.","O candidato pode imprimir um estilo pessoal ao manifesto, utilizando
recursos retóricos como metáforas, interrogações, exclamações etc.","O candidato pode apresentar argumentos originais e propostas
criativas para a defesa da ciência e da pesquisa.","O manifesto deve ser adequado ao tema proposto e ao gênero
solicitado.","A expectativa da banca destaca a importância de os candidatos apresentarem um bom diagnóstico das consequências do desmantelamento da ciência brasileira e clamarem por
políticas públicas que reconheçam a importância estratégica da área para a soberania
do Brasil. O candidato deve explorar a máscara discursiva coletiva e construir um texto que
funcione como um chamado à ação da comunidade científica. A linguagem formal deve ser utilizada de forma consciente, sem comprometer a
clareza e a persuasão do texto.","Na segunda proposta, os candidatos devem assumir o papel de um/a estudante universitario/a brilhante, com curriculo
academico invejavel, que teve uma bolsa de Iniciagao Cientifica (IC) rejeitada por restricao orcamentaria, apesar de o
merito de sua pesquisa ter sido reconhecido. O/A jovem se junta a outros estudantes que passaram por situacao
semelhante para escrever um manifesto, a ser lido na reuniao anual da Sociedade Brasileira para o Progresso da Ciencia
(SBPC), contra os cortes de verbas na area da Ciencia e Tecnologia, interpelando a comunidade academica (e a sociedade
civil) para intervir(em) neste cenario tao desfavoravel a producao do conhecimento cientifico no Brasil. Para alem de
apontarem os cortes orcamentarios na ciencia e na pesquisa e denunciarem os prejuizos acarretados por esses cortes, os
brasileira, convencendo seus interlocutores de que tal politica em curso atualmente deve ser rechacada e revertida.
Os textos disponiveis na coletanea oferecem argumentos para a elaboracao do manifesto. Antes ainda da coletanea, a
prova apresenta um box informativo que objetiva explicar aos candidatos o que vem a ser uma pesquisa de Iniciacao
Cientifica (IC), nomear algumas agencias de fomento a pesquisa, e informar o valor atual (congelado desde 2016) de uma
bolsa para financiamento de uma pesquisa de IC.
No primeiro texto, retirado de uma reportagem publicada no / Pais, a crise da pesquisa cientifica e relatada a partir de
dois angulos: o de uma aluna de mestrado da Universidade Federal do Ceara (UFC) e o da pro-reitora de pos-graduagao
da Universidade Federal do Rio de Janeiro (UFRJ). De acordo com a perspectiva da aluna Thabata Cavalcanti dos Santos, a
trajetoria academica como resultado de anos de investimento estatal na educacao, ja que cursou a graduacao numa
cerebros"" de profissionais formados, seja para buscar oportunidades no exterior, seja para exercer trabalhos
economicamente precarizados. De qualquer modo, constata-se um desperdicio de dinheiro publico investido durante anos
para consolidar a producao cientifica no Brasil, pois, na hora de dar o devido retorno a sociedade, estudantes nao veem
oportunidade na profissao de pesquisadores. Os vividos relatos coletados na reportagem podem ajudar os candidatos a
perceberem o carater antieconomico dos cortes orcamentarios. Tais medidas, aparentemente, visam a poupar dinheiro,
mas funcionam, na verdade, como desperdicio de recursos humanos e financeiros envolvidos nos investimentos massivos
para construir a ciencia de um pals soberano.
O segundo texto e um grafico em que estao registrados os cortes sofridos em 2021 nos orcamentos do Ministerio da
Desenvolvimento Tecnologico (FNDCT), quando comparados ao quadro orcamentario de 2020 ou 2019 (no caso da
Capes). Os candidatos terao aqui material para apontar, em numeros e porcentagens, os cortes de verbas destinadas a
ciencia e a pesquisa brasileira.
O terceiro texto vem acompanhado da fotografia de um protesto, organizado por estudantes, que gritam por socorro
(SOs) a ciencia brasileira e reivindicam o aumento (ou reajuste, se levarmos em conta a intlacao em que vive o pais hoje)
no valor das bolsas, que nao sao reajustadas ha anos, conforme informado aos candidatos no texto 4 e no box
informativo apresentado na prova. A informagao visual pode ajudar os candidatos a elaborarem, em seu manifesto, uma
agenda propositiva: o aumento no valor das bolsas, tanto para as pesquisas no nivel de graduacao, quanto no nivel de
pos-graduacao, ou ainda, a defesa de que nao se deve lutar apenas contra os cortes, mas a favor de condicoes cada vez
melhores de trabalho para os bolsistas envolvidos com pesquisas cientificas.
Para finalizar, o quarto texto apresenta um excerto de um manifesto (mesmo genero discursivo desta proposta),
recentemente publicado por pesquisadores brasileiros na revista Science. O texto traz informacoes preciosas que podem
ser aproveitadas como argumentos pelos candidatos: o valor das bolsas de mestrado e doutorado que nao e reajustado
desde 2013 e a situacao da maioria dos bolsistas que depende daquele dinheiro para sobreviver (e manter sua
alimentacao, saude, moradia, vestimenta, transporte), tal como Thabata, estudante citada no texto 1. Vale ainda dizer que
o texto 4 e um exemplo  e nao um modelo!  de um manifesto que pode funcionar de maneira sugestiva para os
candidatos apreenderem marcas discursivas desse genero textual na elaboracao de seu manifesto de repudio coletivo..
A expectativa e que as melhores redacoes sejam aquelas em que os candidatos consigam, a partir de uma mascara
prazo, do desmantelamento gradual da ciencia brasileira  e clamar por politicas publicas que reconhecam a importancia
estrategica da area para a soberania do Brasil. Para isso, os candidatos devem se apoiar nos textos disponiveis na

coletanea que abordam, respectivamente: o desperdicio economico representado pelo sucateamento da ciencia (texto 1),
os cortes orcamentarios na estrutura de ciencia e tecnologia do Brasil (texto 2), a luta politica pelo melhoramento das.
condicoes materiais dos bolsistas (texto 3) e a voz coletiva de insatisfacao registrada num manifesto (texto 4).."
Proposta 1 de 2021,1,2021,https://www.comvest.unicamp.br/wp-content/uploads/2021/11/CQ_RED-3.pdf,Memória histórica e representação: o papel dos monumentos na construção da identidade coletiva e os desafios da ressignificação do passado.,"Discussão sobre a retirada de estátuas de figuras históricas controversas em escolas públicas, considerando o contexto do movimento Black Lives Matter e os debates sobre a memória histórica e a representação.",Discurso político a ser proferido oralmente em uma assembleia estudantil.,"Discurso político é um gênero textual oral, geralmente de caráter público, em que se apresentam argumentos e reflexões sobre questões sociais e políticas, com o objetivo de persuadir e mobilizar um público específico. Esse gênero é marcado pela defesa de ideias e propostas, muitas vezes em contextos de debate e controvérsia.","Candidato(a) a vereador(a) em uma cidade de São Paulo e ex-aluno(a)
da escola pública em questão.",Estudantes presentes na assembleia estudantil.,"Político(a) e ex-aluno(a) da escola, com conhecimento sobre o
contexto da polêmica e a história das estátuas.","A polêmica em torno da retirada ou não das estátuas do bandeirante Anhanguera e do
padre jesuíta José de Anchieta do pátio da escola.
A divisão de opiniões entre os estudantes, com um grupo a favor da retirada e outro
contrário.
O convite ao(à) candidato(a) a vereador(a) para discutir o assunto na assembleia
estudantil.","O discurso deve apresentar uma progressão temática
coerente, com uma introdução que contextualize o problema e apresente o(a)
candidato(a), um desenvolvimento que faça o balanço das duas visões em disputa e
apresente argumentos para defender uma posição, e uma conclusão que reforce a
posição e proponha uma solução para o dilema.","Predominantemente argumentativa, com possível presença de
sequências expositivas e narrativas.","O candidato deve elaborar um projeto de texto que considere a
situação de produção, a interlocução e o objetivo de convencer os estudantes presentes
na assembleia.","O candidato deve ler criticamente os textos da
coletânea, identificando os argumentos a favor e contra a retirada das estátuas e
selecionando aqueles que melhor sustentem sua posição.","O candidato deve utilizar um vocabulário preciso e
variado, construindo frases e períodos de forma clara e coesa, com um registro formal
adequado ao gênero discurso político.","O candidato deve utilizar recursos coesivos para garantir a
articulação entre as partes do discurso e a progressão temática.","O candidato deve demonstrar domínio da norma culta da língua
portuguesa.","O candidato pode imprimir um estilo pessoal ao discurso, utilizando recursos
retóricos como perguntas retóricas, metáforas, exemplos etc.","O candidato pode apresentar argumentos originais e soluções criativas
para o dilema da retirada das estátuas.",O discurso deve ser adequado ao tema proposto e ao gênero solicitado.,"A expectativa da banca destaca a importância de os candidatos demonstrarem empatia
pelos posicionamentos diversos, validando visões antagônicas e legítimas sobre a
permanência ou a retirada das estátuas, e de encaminharem uma solução que, ao mesmo
tempo, reconheça o pluralismo de ideias e persuada a comunidade na direção de um
consenso. O candidato deve ser capaz de construir uma política da memória, refletindo sobre
como devemos lembrar o passado e o que devemos celebrar ou questionar.","Na primeira proposta, os/as vestibulandos/as devem assumir o papel de uma candidato/a a vereador/a convidado/a a se pronunciar através de um discurso na assembleia estudantil de sua antiga escola, onde se enfrenta um impasse: o que fazer com as estátuas de figura históricas do estado de São Paulo localizadas em seu pátio, mais especificamente do bandeirante Anhanguera e do padre jesuíta José de Anchieta? O/A candidato/a a vereador/a deve, então, elaborar um discurso político, a ser proferido oralmente aos estudantes. Nele, deve fazer um balanço das duas visões em disputa (remoção ou permanência das estátuas) para, finalmente, assumir uma posição, propondo uma resolução para o dilema.

Os/As candidatos/as podem se valer da leitura dos textos disponíveis na coletânea e de outros pertinentes à discussão. O primeiro texto apresentado, retirado do Dicionário Houaiss, é o verbete “bandeirante”, que reproduz definições do senso comum sobre tal figura histórica por meio de escolhas lexicais que a valorizam positivamente: “que ou o que abre caminho”, “desbravador”, “precursor”, “pioneiro”.

O segundo texto traz o posicionamento do jornalista e sociólogo Demétrio Magnoli, contrário à derrubada de estátuas. O autor considera que derrubar monumentos é “exterminar a memória social”, e que uma estátua não celebra o presente, mas apenas atesta que, no passado, o homenageado foi celebrado; o que pode, inclusive, nos servir de alerta. Há, nas palavras de Magnoli, expressões que podem ser bem aproveitadas se lidas com atenção pelos candidatos: é o caso da ironia contida em “vândalos do bem”, ou das críticas subentendidas em “princípio covarde”, “cicatriz da história”, “desejo tirânico”, para citar alguns exemplos.

O terceiro texto é uma tirinha de Alexandre Beck, que critica de maneira contraintuitiva os bandeirantes. No primeiro quadro, o leitor é levado a entender que os vândalos seriam os pichadores que teriam investido contra um monumento, mas, no segundo, como é típico do gênero, a expectativa é quebrada, ficando claro que o referente de “vândalos” são os “bandeirantes”, que teriam destruído aldeias e escravizado povos. Espera-se que os candidatos captem a perspectiva crítica da tirinha, percebendo a ambiguidade nela contida e reconhecendo os verdadeiros vândalos.

No quarto texto, Thiago Amparo defende a derrubada de monumentos no caso de homenagens a genocidas. Argumenta que tal atitude seria prova de civilidade, na medida em que rejeita celebrar quem provocou mortes e sofrimento. Para o autor, monumentos dotados de valor artístico poderiam ser transportados para museus ou cemitérios de esculturas; já os desprovidos de tal valor poderiam simplesmente ser derrubados — uma sugestão para quem optasse por um posicionamento mais nuançado com relação ao tema.

O quinto texto, retirado de um artigo publicado pelo historiador Luiz Felipe Alencastro, expõe fatos e faz considerações a respeito do modo como os missionários no Brasil, nomeadamente os padres Anchieta e Antônio Vieira, não só aprovaram, como também contribuíram para o tráfico e a escravidão dos negros. Tais fatos servem como argumentos para defender a derrubada da estátua do Padre Anchieta e, por extensão, de outros jesuítas, mas que não necessariamente pesam contra os bandeirantes.

O último texto, parte de uma matéria da revista Mundo Estranho, explicita os motivos das expedições dos bandeirantes, que consistiam na recaptura de pessoas escravizadas e na escravização de indígenas. Tais motivações podem servir de argumento a favor da derrubada dos monumentos dos bandeirantes, mas não dos jesuítas.

Nota-se que a coletânea oferece subsídios para que os candidatos preparem seu texto argumentativo adotando um posicionamento diante da questão; tal posicionamento pode alinhar-se a um dos polos da disputa — remoção ou permanência — ou promover algum tipo de modulação entre as alternativas. Os candidatos que optarem por defender a retirada das estátuas e sua destruição material podem argumentar que esses monumentos carregam valores coloniais, escravagistas, patriarcais, como sugerem os textos 5 e 6 da coletânea. Os que preferirem advogar pela manutenção dos monumentos podem destacar seu valor artístico e histórico, como direciona a leitura do texto 2. Os candidatos podem também assumir perspectivas mais modalizadas, como defender uma ressignificação das estátuas, por meio de sua remoção para outros espaços (museus, cemitérios de esculturas etc., como sugere o texto 4), através de intervenções educativas (colocar placas informativas nas estátuas, promover aulas de história sobre bandeirantes e jesuítas, fomentar debates sobre escravidão e colonialismo envolvendo negros e indígenas, questionar o sentido de vandalismo, como sugere o texto 3) ou ainda através de Intervenções artísticas (grafite etc.). A expectativa é de que as melhores redações sejam aquelas capazes de criar argumentos consistentes para tensionar as diferentes posições que envolvem esse dilema."
Proposta 2 de 2021,2,2021,https://www.comvest.unicamp.br/wp-content/uploads/2021/11/CQ_RED-3.pdf,Necropolítica e vulnerabilidade social em tempos de pandemia,A necropolítica como forma de organização do Estado brasileiro durante a pandemia da Covid-19 e suas consequências para a população mais vulnerável,"Texto de entrada de um diário, com função de testemunho histórico.","Diário é um gênero textual, geralmente de caráter íntimo, em que se fazem anotações de experiências pessoais cotidianas, e que é organizado pela data de registro dessas anotações. Alguns diários podem ultrapassar o Interesse privado do seu autor e interessar a outros possíveis leitores, seja pela pertinência das reflexões pessoais, seja por documentar uma época histórica.",Trabalhador(a) em situação de vulnerabilidade socioeconômica.,Gerações futuras (leitores do diário).,"Trabalhador(a) indignado(a) com a negligência do Estado, que
escreve um diário como ato de resistência.","A pandemia da Covid-19 e os riscos de contágio para os trabalhadores em situação de
vulnerabilidade socioeconômica. A negligência do Estado em relação à saúde dos mais vulneráveis. A decisão do(a) trabalhador(a) de escrever um diário como ato de resistência psíquica e
política.","O texto deve apresentar uma narrativa verossímil do
episódio em que o(a) narrador(a)-personagem se encontra exposto(a) ao risco de
contrair a Covid-19. A denúncia da necropolítica deve estar articulada à narrativa e aos
sentimentos de indignação e resistência do(a) trabalhador(a).","Predominantemente narrativa, com presença de sequências
descritivas e argumentativas.","O candidato deve elaborar um projeto de texto que considere a
situação de produção (a pandemia e a necropolítica), a interlocução (o diário como
testemunho para as gerações futuras) e o objetivo de denunciar a negligência do
Estado.","O candidato deve demonstrar compreensão do
conceito de necropolítica a partir da leitura dos textos 1 e 2 e utilizar as informações
dos textos 3, 4 e 5 para construir sua narrativa e argumentação.","O candidato deve utilizar um vocabulário preciso e
variado, construindo frases e períodos de forma clara e coesa, com um registro formal
adequado ao gênero diário.","O candidato deve utilizar recursos coesivos para garantir a
articulação entre a narrativa e as reflexões, além da progressão temática do texto.","O candidato deve demonstrar domínio da norma culta da língua portuguesa, mesmo em um texto informal, evitando erros gramaticais graves.""

","O candidato pode imprimir um estilo pessoal ao texto, utilizando recursos
estilísticos como metáforas, ironia, interrogações etc.","O candidato pode apresentar um episódio original e reflexões criativas
sobre o tema.",O  texto deve ser adequado ao tema proposto e ao gênero solicitado.,"A expectativa da banca destaca a importância de os candidatos demonstrarem
compreensão do conceito de necropolítica e sua relação com a situação de produção,
além de construírem um texto que funcione como um testemunho histórico das
desigualdades sociais e da negligência do Estado durante a pandemia. O candidato pode explorar diferentes classes trabalhadoras vulneráveis
socioeconomicamente e construir narrativas que representem a diversidade de
experiências vivenciadas no contexto da pandemia.","Na segunda proposta de redação, solicita-se que os candidatos se imaginem em uma situação de vulnerabilidade socioeconômica que os coloque sob o risco de contrair o vírus da Covid-19. Registra-se, ainda, a negligência do Estado, que não adota medidas eficazes para evitar que trabalhadores sejam contagiados. O tema subjacente a essa situação é, portanto, a necropolítica, que os candidatos devem denunciar por meio de um registro escrito: uma entrada de um diário.

Nesse diário, o candidato deve assumir a perspectiva discursiva de um trabalhador para narrar um episódio em que se encontre exposto ao contágio da Covid-19 e, então, denunciar a atuação de um Estado negligente em relação à saúde dos mais vulneráveis. Em seu texto, o narrador-personagem pode deixar aflorar seu sentimento de indignação, mas também de resistência; nesse sentido, seu diário torna-se um testemunho histórico acerca dos acontecimentos extraordinários da atual pandemia e um alerta às gerações futuras sobre a necropolítica vivenciada no presente.

A banca preocupou-se inicialmente em esclarecer o gênero textual solicitado, o diário, para, em seguida, nos textos 1 e 2 da coletânea, explicar o conceito-chave da proposta: a necropolítica. O primeiro texto, retirado de uma entrevista com a pesquisadora Rosane Borges, apresenta a definição de tal conceito, criado pelo filósofo Achille Mbembe. Com ele são questionados os limites da soberania do Estado, quando suas ações, sustentadas por premissas coloniais, racistas e capitalistas, acabam por determinar quem deve viver e quem deve morrer. Para a entrevistada, racismo, capitalismo e necropolítica seriam indissociáveis. Na lógica capitalista do descarte, são os corpos negros os mais excluídos, justamente aqueles que, como escravizados, foram fundamentais para a acumulação do capital. Eles são agora desnecessários, não interessam mais ao sistema, são massa sobrante do mercado de trabalho. São, por isso, marginalizados e constituem a maioria subalternizada e desempregada do Brasil. Como corpos negros descartáveis, podem ser alvo de tudo, inclusive da morte.

O segundo texto da coletânea destaca os efeitos sociais da Covid-19. Se, por um lado, o vírus é um fato biológico que, “por si só, não discrimina”, mas, ao contrário, nos trata “com igualdade, nos colocando igualmente diante do risco de adoecer” e de morrer, a dinâmica do capitalismo, por outro, com sua brutal desigualdade social e econômica, imprimiria uma discriminação movida pelos poderes do “nacionalismo, do racismo, da xenofobia e do capitalismo”. Diante desse cenário de injustiças estruturais, estabelece-se a “distinção espúria entre vidas passíveis de luto e aquelas não passíveis de luto”. O argumento principal de Judith Butler centra-se no modo como a estrutura de poder do capitalismo gera não apenas desigualdade socioeconômica, mas também uma multidão de vidas dispensáveis.

Os textos 3 e 4 sugerem, por sua vez, possíveis narrativas a serem construídas pelos candidatos. São imagens que oferecem subsídios na criação de seus episódios. A foto de Pedro Conforte (texto 3), por exemplo, flagra o contraste entre um homem branco, de máscara, fazendo sua atividade física, e um homem negro, também de máscara, que carrega as mercadorias em uma bicicleta: provavelmente um entregador que leva compras feitas on-line a consumidores salvaguardados em suas residências. Ambos são suscetíveis de contrair o vírus, mas a foto expõe que há os que podem e os que não podem deixar de sair; os que podem ou não fazer home office; enfim, os que podem sair a bel-prazer e os que devem sair para fazer seu trabalho.

Já o quarto texto traz um recorte de uma história em quadrinhos, narrada por Triscila Oliveira e ilustrada por Leandro Assis. Ela descreve vidas de trabalhadores informais e registrados, que se arriscam diariamente no transporte coletivo quando se deslocam para o seu trabalho. É o “novo normal” estabelecido pela pandemia, aqui tratado com ironia: “novo normal” para o patrão ou para o empregado? Para o primeiro, a pandemia pode ter instaurado um “novo normal” em sua rotina; para o segundo, o “novo normal” nada traz de efetivamente “novo”, apenas a precariedade de sempre: o transporte público lotado e, ainda, o risco de contrair a Covid-19.

No último texto, Ruy Castro elenca provas da negligência do chefe de governo brasileiro durante a pandemia: “negou a gravidade do problema, insultou os coveiros, promoveu aglomerações e espalhou desinformação” ao ridicularizar o distanciamento social, a higienização e o uso de máscara, e ao promover um remédio sem eficácia comprovada contra a Covid-19, além de constantemente questionar a eficiência das vacinas. Ao negar a ciência, agiu na contramão da tarefa de salvar vidas: ignorou medidas para contenção da doença, deixou mofar testes e atribuiu poderes políticos à vacina."
Proposta 1 de 2020,1,2020,https://www.comvest.unicamp.br/wp-content/uploads/2020/09/F2_Redacao_2020.pdf,"Biodiversidade, sociodiversidade e sustentabilidade no Brasil",A relação entre a biodiversidade e a sociodiversidade do Brasil e sua importância para o desenvolvimento sustentável do país,Texto argumentativo para ser lido em voz alta em um podcast.,"Podcasts são arquivos digitais de áudio publicados na internet e que podem ser ouvidos, até mesmo em celulares, a qualquer momento, por qualquer pessoa. São considerados “textos para ouvir”.","Colunista de uma revista eletrônica brasileira especializada em
temas ambientais.","Ambientalistas de diferentes países, leitores da revista e ouvintes do
podcast.","Especialista em meio ambiente, com conhecimento sobre
biodiversidade e sociodiversidade no Brasil.","A crescente preocupação global com a preservação ambiental e a demanda por
informações sobre a biodiversidade e a sociodiversidade do Brasil.
A encomenda de um podcast pelo editor da revista para abordar a inter-relação entre
esses dois temas e sua importância para a sustentabilidade.","O texto deve apresentar uma progressão temática
coerente, com argumentos bem estruturados e exemplos relevantes.","Predominantemente argumentativa, com possível presença de
sequências expositivas e descritivas.","O candidato deve elaborar um projeto de texto que considere a
situação de produção, a interlocução e o objetivo de convencer os ouvintes.","O candidato deve ler criticamente os textos
fornecidos na prova, selecionar informações e argumentos relevantes, e utilizá-los de
forma produtiva para construir sua argumentação.","O candidato deve utilizar um vocabulário preciso e
variado, construindo frases e períodos de forma clara e coesa, com um registro formal
adequado ao gênero.","O candidato deve utilizar recursos coesivos para garantir a
articulação entre as partes do texto e a progressão temática.","O candidato deve demonstrar domínio da norma culta da língua
portuguesa.","O candidato pode imprimir um estilo pessoal ao texto, desde que seja
coerente com o gênero e a situação de produção.","O candidato pode apresentar ideias e perspectivas novas e criativas
sobre o tema.",O texto deve ser adequado ao tema proposto e ao gênero solicitado.,"A expectativa da banca destaca a importância de os candidatos fazerem um recorte
temático, selecionando e articulando argumentos dos textos da coletânea de forma
produtiva, em vez de simplesmente reproduzir todas as informações.
Os candidatos podem optar por marcar ou não a interlocução com os ouvintes, a
depender do estilo adotado.","Na  primeira  proposta  de  redação,  os  candidatos  deveriam  assumir  o  papel  de  um(a)  colunista  de uma revista eletrônica especializada em temáticas ambientais, responsável por escrever uma matéria, a ser veiculada  em um  podcast, sobre a inter-relação  entre  biodiversidade  e  sociodiversidade  e sua  importância para  o  crescimento  sustentável  do  Brasil.  Ou  seja,  deveriam  escrever  um  texto  argumentativo  a  ser transmitido  oralmente.  Para  quem  não  soubesse  o  que  é  um  podcast,  a  prova  apresentava  uma  definição em boxe.  A  coletânea  oferecia  subsídios  para  que  os  candidatos  preparassem  esse  texto  a  ser  lido  em  voz alta  no  dia  da  gravação  do  podcast.  O  primeiro  excerto  apresentava  conceitos  que,  à  primeira  vista, poderiam ser desconhecidos, como biodiversidade e sociodiversidade (caráter multiétnico e multicultural do Brasil),  e  apontava  uma  associação  importante:  o  conhecimento  do  patrimônio  genético  nacional  pelas comunidades  tradicionais  e  locais  promove  desenvolvimento  sustentável.  As  definições  de  biodiversidade (200 mil espécies registradas em nossos biomas: Amazônia, Caatinga, Cerrado, Mata Atlântica, Pantanal e Pampa) e de sociodiversidade (350 etnias indígenas, com cerca de 270 diferentes línguas, e comunidades quilombolas,  caiçaras,  seringueiras  etc.)  foram  extraídas  do  site  oficial  do  Ministério  do  Meio  Ambiente  e associadas ao desenvolvimento sustentável do Brasil.  O segundo excerto foi o poema “O cerrado é milagre”, de Nicolas Behr. O poeta inicia seus versos despedindo-se da beleza natural do Cerrado (o pequizeiro, os jatobás, as perobas), ao mesmo tempo que celebra a harmonia ali existente antes de o correntão “passar e levar tudo”, cortando com a “faca fina do arado” toda a raiz, para que no lugar brotasse “soja, verdinha, verdinha”. Nos versos finais, Behr  indaga: “quem pagará o preço da destruição?”.  A futura geração (“os nossos netos”), ele mesmo responde. O poema trabalha com três tempos: o passado (quando o Cerrado existia de maneira pujante), o  presente (o Cerrado  é  destruído  para  dar  lugar  à  plantação  de  soja)  e  o  futuro  (quando  se  pergunta  sobre  as consequências do ecocídio). O passado é tratado nostalgicamente, ao passo que o futuro é entrevisto com certo  tom  de  desesperança:  a  destruição  ambiental  é  descrita  sob  uma  perspectiva  subjetiva  no  poema, diferentemente do que se observava nos outros excertos.  O  terceiro  excerto  da  coletânea  destacava  novamente  a  relevância  do  Cerrado  –  “onde se veem arbustos de galhos retorcidos”, e onde há o “mais importante sistema de captação e reserva de água do Brasil  fora  da  Amazônia”,  garantindo  “nove  das  principais  bacias  hidrográficas  do  país”  –  atualmente reduzido  à  metade  e  ameaçado  pelo  crescimento  do  agronegócio.  A  destruição  da  biodiversidade  no Cerrado  não  apenas  impacta  a  oferta  hídrica  como  também  desregula  o  clima  no  Centro-Sul  do  país. Enquanto os holofotes da mídia refletem as consequências do desmatamento na Amazônia, a proposta aqui foi  alertar  que  o  bioma  que  corre  maior  risco  no  Brasil  é  o  Cerrado.  A  recomendação  final  foi  favorável  à sustentabilidade: é possível investir na produção agrícola sem, contudo, desmatar. O  último  excerto  intensificava  o  tom  da  tragédia  anunciada:  uma  em  cada  oito  espécies  está  em extinção.  Os  predadores  são  a  expansão  agrícola,  a  urbanização,  a  mineração,  as  novas  infraestruturas. Se, por um lado, o Brasil tem um dos mais ricos ecossistemas do mundo, por outro, é um dos países mais ameaçados. No entanto, tal destruição da natureza  não se dá por  igual em todo o território nacional, pois, onde vivem povos tradicionais, a degradação é mais lenta, como é o caso dos indígenas na Amazônia: “por conhecerem  tão  intimamente  as  florestas,  eles  têm  uma  percepção  muito  antecipada  das  mudanças ambientais”, salienta Nurit Bensusan, da ONG Instituto Socioambiental (ISA). Como se vê, a coletânea trazia várias informações que poderiam ser mobilizadas como argumentos pelos candidatos na elaboração de seu texto para o podcast. A expectativa era a de que os melhores textos fossem  aqueles  que,  em  vez  de  lidarem  com  todos  os  excertos,  fizessem  um  recorte,  selecionando  e articulando argumentos.  Por  exemplo,  o  excerto  1  ressaltava  a  importância  das  comunidades  tradicionais  e  locais  para  a preservação  do  nosso  patrimônio  genético,  o  que  era  retomado  no  excerto  4,  em  que  eram  apontadas  as práticas sustentáveis dos indígenas na preservação da floresta amazônica. Os excertos 2 e 3, por sua vez, tinham  em  comum  a  preocupação  específica  com  a  destruição  do  Cerrado.  Os  candidatos  poderiam aproveitar os versos do poema como argumentos que indicassem a destruição causada pelo desenvolvimento  predatório  (a  soja  verdinha  toma  o  lugar  do  pequizeiro,  dos  jatobás,  das  perobas),  e associá-los  ao  excerto  3,  que  reforçava  o  desastre  causado  pela  expansão  do  agronegócio,  responsável pela redução do Cerrado à metade. Contudo, diferentemente da distopia do poema, o excerto 3 permitia aos candidatos vislumbrar um crescimento sustentável: produzir sem desmatar"
Proposta 2 de 2020,2,2020,https://www.comvest.unicamp.br/wp-content/uploads/2020/09/F2_Redacao_2020.pdf,Micromachismo e a persistência de atitudes machistas na sociedade,O micromachismo como forma sutil de discriminação de gênero e a importância da conscientização para o combate ao machismo na sociedade,Crônica narrativa e reflexiva.,Crônica é um gênero textual que aborda temas do cotidiano. Normalmente é veiculada em jornais e revistas. O cronista narra situações corriqueiras sob uma ótica particular.,"Escritor(a) que publica crônicas em uma revista semanal e que
se considera livre de preconceitos e apoiador(a) da igualdade de gêneros.",Leitores da revista semanal.,"Cronista que reflete sobre um episódio de micromachismo
vivenciado.","A tomada de consciência do(a) cronista ao ler uma matéria no El País sobre
micromachismo, percebendo que já havia considerado normal uma atitude listada na
matéria.","A crônica deve apresentar uma narrativa envolvente, com
elementos como personagens, cenário, tempo e enredo. As reflexões do(a) cronista devem
estar articuladas à narrativa do episódio e aos sentimentos despertados pelo
reconhecimento do micromachismo.","Predominantemente narrativa, com presença de sequências
descritivas e reflexivas.","O candidato deve elaborar um projeto de texto que considere a
situação de produção, a interlocução e o objetivo de narrar um episódio de
micromachismo e refletir sobre ele.","O candidato deve demonstrar compreensão do
conceito de micromachismo a partir da leitura do texto do El País e utilizar a narrativa de
Chimamanda Adichie como inspiração para a construção da sua crônica.","O candidato deve utilizar um vocabulário preciso e
variado, construindo frases e períodos de forma clara e coesa, com um estilo pessoal
adequado ao gênero crônica.","O candidato deve utilizar recursos coesivos para garantir a
articulação entre a narrativa e as reflexões, além da progressão temática do texto.","O candidato deve demonstrar domínio da norma culta da língua portuguesa, com um estilo pessoal adequado ao gênero crônica.","O candidato deve imprimir um estilo pessoal à crônica, utilizando recursos
estilísticos como humor, ironia, metáforas etc.","O candidato pode apresentar um episódio de micromachismo
original e reflexões criativas sobre o tema.",A crônica deve ser adequada ao tema proposto e ao gênero solicitado.,"A expectativa da banca destaca a importância de os candidatos relacionarem a
narrativa do episódio à atitude micromachista escolhida e exporem seus sentimentos e
reflexões a partir da tomada de consciência.
O candidato não precisa propor mudanças de atitudes para o futuro, mas pode se
concentrar na análise do episódio vivenciado.","A expectativa nesta segunda proposta de redação era a de que os candidatos: 1) compreendessem o conceito de  micromachismo; 2) colocassem-se no papel de um(a) cronista que, embora se considerasse livre  de  preconceitos  de  gênero,  se  dava  conta  de  seu  micromachismo;  3)  escrevessem  uma  crônica  na qual, obrigatoriamente, narrassem um episódio vivenciado pelo(a) cronista, relacionando-o à atitude micromachista escolhida e expondo seus sentimentos. Esperava-se que os candidatos, tendo em mente a questão norteadora da proposta (o micromachismo enraizado em nossa sociedade), deixassem claro que o(a) cronista tomava consciência do micromachismo  a  partir  do  momento  em  que  lia  a  matéria  de  Ianko  López  no  El  País  e  se  dava  conta  de que  considerava  natural  uma  atitude  micromachista.  Esperava-se  que,  no  desenrolar  da  sua  crônica,  os candidatos não confundissem atitudes  machistas  e  micromachistas, ou seja, que indicassem ter entendido que  são  conceitos  distintos,  o  que  deveria  ser  compreendido  tanto  pela  explicação  sobre  “atitudes micromachistas” (excerto 1) quanto pela narrativa de Chimamanda Ngozi Adichie (excerto 2), que explicava o processo de “normalização de atitudes”. A  matéria  do  El  País  (excerto  1)  explicava  a  diferença  entre  o  machismo  institucionalizado  ou macromachismo, presente em contextos sociais, econômicos, jurídicos e familiares, causa das reivindicações feministas desde os anos 1970, e o micromachismo, resquício de um machismo culturalmente  enraizado:  um machismo  sutil,  interiorizado  em  nós,  e  que  às  vezes  escapa  e  se  revela  por meio  de  pensamentos  e  atos  do  cotidiano  –  uma  armadilha  mesmo  para  aqueles  que  se  consideram progressistas, livres de preconceito e a favor da igualdade de gêneros. A narrativa de Chimamanda (excerto 2), por sua vez, não apenas exemplificava o gênero crônica como também descrevia um exemplo clássico de  micromachismo  praticado  no  ambiente  escolar:  só  os  meninos  eram  aprovados  para  ser  monitores  da classe.  Da  instituição  escolar  para  o  mundo  do  trabalho,  o  micromachismo  se  repete  ciclicamente  até  ser normalizado e, consequentemente, normatizado  – critica a autora africana. E há ainda quem negue (como Louis, seu amigo de infância) que o mundo é mais difícil para as mulheres só porque são mulheres.  Em relação ao gênero solicitado, os candidatos deveriam elaborar uma crônica. Além de considerarem como exemplos crônicas que circulam em diferentes suportes (livros, jornais, revistas, redes sociais), poderiam também se apoiar na descrição resumida do gênero apresentada em um boxe na prova e, sobretudo, seguir “passo a passo” as tarefas da proposta: a) narrar o episódio micromachista vivenciado, b)  relacioná-lo  a  alguma  atitude  micromachista  selecionada  da  lista  do  El  País,  para,  enfim,  c)  expor reflexões e sentimentos despertados a partir do reconhecimento de que tal atitude vivenciada, e inconscientemente naturalizada como normal, era, na verdade, micromachista.  Os candidatos deveriam então recorrer  aos tipos de  texto narrativo e  expositivo para construir sua crônica,  de  forma  a  caracterizar,  de  maneira  produtiva,  a  personagem-cronista,  ou  outras  personagens envolvidas,  se  esta  fosse  uma  opção  do  seu  projeto  de  texto.  Para  tecer  suas  reflexões  e  expor  seus sentimentos,  o(a)  narrador(a)-cronista  poderia  também  recorrer  ao  tipo  de  texto  argumentativo  para,  por exemplo, fundamentar a importância de sua tomada de consciência sobre o  micromachismo. A expectativa era  a  de  que  os  melhores  textos  fossem  aqueles  cuja  situação  de  produção  da  proposta  pudesse  ser explorada  tanto  para  a  caracterização  da  personagem-cronista  quanto  para  a  construção  do  tempo  da narrativa,  de  tal  forma  que  as  ações  e  os  sentimentos  vivenciados  fossem  construídos  em  função  da tomada  de  consciência,  constituída  como  o  momento  de  ruptura  ou  mesmo  como  o  clímax  do  episódio narrado. Note-se que os candidatos deveriam selecionar, entre as 13 opções da matéria do  El País (excerto 1),  a  que  considerassem  mais  interessante  para  suscitar  reflexões  e,  a  partir  disso,  construir  sua  crônica. Cabe ressaltar que eles não tinham a obrigação de propor mudanças de atitudes para o futuro; podiam, por exemplo, apenas reanalisar alguma situação já vivida sob uma nova perspectiva e repensá-la, sem que isso acarretasse um replanejamento de ações futuras ou uma mudança de atitude."
